year,score_range,race,test_takers,percent,count
2025,1400-1600,Total,2004965,7,140348
2025,1400-1600,American Indian,9237,1,92
2025,1400-1600,Asian,217459,26,56539
2025,1400-1600,African American,250887,1,2509
2025,1400-1600,Hispanic,537624,2,10752
2025,1400-1600,Native Hawaiian,3053,1,31
2025,1400-1600,White,743981,7,52079
2025,1400-1600,Two or More Races,82032,9,7383
2025,1200-1390,Total,2004965,18,360894
2025,1200-1390,American Indian,9237,6,554
2025,1200-1390,Asian,217459,33,71761
2025,1200-1390,African American,250887,7,17562
2025,1200-1390,Hispanic,537624,9,48386
2025,1200-1390,Native Hawaiian,3053,9,275
2025,1200-1390,White,743981,23,171116
2025,1200-1390,Two or More Races,82032,21,17227
2025,1000-1190,Total,2004965,28,561390
2025,1000-1190,American Indian,9237,18,1663
2025,1000-1190,Asian,217459,25,54365
2025,1000-1190,African American,250887,21,52686
2025,1000-1190,Hispanic,537624,24,129030
2025,1000-1190,Native Hawaiian,3053,23,702
2025,1000-1190,White,743981,35,260393
2025,1000-1190,Two or More Races,82032,30,24610
2025,800-990,Total,2004965,30,601490
2025,800-990,American Indian,9237,40,3695
2025,800-990,Asian,217459,13,28270
2025,800-990,African American,250887,40,100355
2025,800-990,Hispanic,537624,39,209673
2025,800-990,Native Hawaiian,3053,38,1160
2025,800-990,White,743981,27,200875
2025,800-990,Two or More Races,82032,28,22969
2025,600-790,Total,2004965,14,280695
2025,600-790,American Indian,9237,31,2863
2025,600-790,Asian,217459,3,6524
2025,600-790,African American,250887,26,65231
2025,600-790,Hispanic,537624,22,118277
2025,600-790,Native Hawaiian,3053,24,733
2025,600-790,White,743981,7,52079
2025,600-790,Two or More Races,82032,9,7383
2025,400-590,Total,2004965,3,60149
2025,400-590,American Indian,9237,6,554
2025,400-590,Asian,217459,0,0
2025,400-590,African American,250887,5,12544
2025,400-590,Hispanic,537624,4,21505
2025,400-590,Native Hawaiian,3053,4,122
2025,400-590,White,743981,1,7440
2025,400-590,Two or More Races,82032,1,820
