year,category,first_time_first_year,undergraduates,total_undergraduates,source_file
2024,Nonresident aliens,52,209,210,davidson-cds-2024-2025.pdf
2024,Hispanic/Latino,78,231,231,davidson-cds-2024-2025.pdf
2024,"Black or African American, non-Hispanic",45,138,138,davidson-cds-2024-2025.pdf
2024,"White, non-Hispanic",286,1063,1063,davidson-cds-2024-2025.pdf
2024,"American Indian or Alaska Native, non-Hispanic",1,4,4,davidson-cds-2024-2025.pdf
2024,"Asian, non-Hispanic",31,94,94,davidson-cds-2024-2025.pdf
2024,"Native Hawaiian or other Pacific Islander, non-Hispanic",0,0,0,davidson-cds-2024-2025.pdf
2024,"Two or more races, non-Hispanic",29,90,90,davidson-cds-2024-2025.pdf
2024,Race and/or ethnicity unknown,9,30,30,davidson-cds-2024-2025.pdf
2024,Total,531,1859,1860,davidson-cds-2024-2025.pdf
2025,Nonresident aliens,52,209,210,CDS_2025-2026.pdf
2025,Hispanic/Latino,78,231,231,CDS_2025-2026.pdf
2025,"Black or African American, non-Hispanic",45,138,138,CDS_2025-2026.pdf
2025,"White, non-Hispanic",286,1063,1063,CDS_2025-2026.pdf
2025,"American Indian or Alaska Native, non-Hispanic",1,4,4,CDS_2025-2026.pdf
2025,"Asian, non-Hispanic",31,94,94,CDS_2025-2026.pdf
2025,"Native Hawaiian or other Pacific Islander, non-Hispanic",0,0,0,CDS_2025-2026.pdf
2025,"Two or more races, non-Hispanic",29,90,90,CDS_2025-2026.pdf
2025,Race and/or ethnicity unknown,9,30,30,CDS_2025-2026.pdf
2025,Total,531,1859,1860,CDS_2025-2026.pdf
